Cluster,Best_K,Promo_Txn_Count_3M,Last_Active_Days,Avg_Monthly_Balance_VND,Cluster_Size
0,5,0.8129709429692578,68.04205686222586,71187215.44100724,41539
1,5,0.8371055148230794,21.521247639832275,73034938.1853314,40781
2,5,1.2910234419668383,45.38364779874214,2073984332.871355,1749
3,5,5.0060024009603845,45.38674417135275,75862807.78972642,15827
4,5,1.5769230769230769,44.60576923076923,11115243329.067308,104
