{
  "metrics": {
    "logistic_regression": {
      "display_name": "Logistic Regression (Benchmark)",
      "roc_auc": 0.864681587176482,
      "accuracy": 0.795,
      "precision": 0.17547568710359407,
      "recall": 0.8058252427184466,
      "f1": 0.2881944444444444
    },
    "xgboost": {
      "display_name": "XGBoost",
      "roc_auc": 0.9194794028384111,
      "accuracy": 0.8915,
      "precision": 0.2978723404255319,
      "recall": 0.8155339805825242,
      "f1": 0.43636363636363634,
      "scale_pos_weight": 18.37046004842615
    },
    "lightgbm": {
      "display_name": "LightGBM",
      "roc_auc": 0.917857014908568,
      "accuracy": 0.9085,
      "precision": 0.3333333333333333,
      "recall": 0.7766990291262136,
      "f1": 0.46647230320699706
    }
  },
  "best_model_by_auc_key": "xgboost",
  "best_model_by_auc_name": "XGBoost",
  "test_set_size": 2000,
  "agree_rate_at_0.5": 0.969,
  "proba_correlation": 0.9687133510791144,
  "xgb_top_features": {
    "remainder__Promo_Txn_Count_3M": 0.34119999408721924,
    "remainder__Last_Active_Days": 0.24410000443458557,
    "cat__Segment_Standard": 0.09749999642372131,
    "cat__Segment_Priority": 0.04800000041723251,
    "remainder__Avg_Monthly_Balance_VND": 0.0478999987244606,
    "remainder__Txn_Amount_3M_VND": 0.046300001442432404,
    "cat__Gender_Male": 0.04540000110864639,
    "remainder__App_Logins_3M": 0.04490000009536743
  },
  "lgbm_top_features": {
    "remainder__Last_Active_Days": 0.4173,
    "remainder__Promo_Txn_Count_3M": 0.2758,
    "remainder__Avg_Monthly_Balance_VND": 0.079,
    "remainder__Txn_Amount_3M_VND": 0.0579,
    "remainder__App_Logins_3M": 0.0456,
    "remainder__Age": 0.043,
    "remainder__Txn_Count_3M": 0.0391,
    "cat__Segment_Standard": 0.0276
  }
}