{
  "logistic_regression": {
    "display_name": "Logistic Regression (Benchmark)",
    "roc_auc": 0.7798696946621874,
    "accuracy": 0.7011,
    "precision": 0.24223780226069538,
    "recall": 0.7128421052631579,
    "f1": 0.3615976078598889
  },
  "xgboost": {
    "display_name": "XGBoost",
    "roc_auc": 0.7820539604329974,
    "accuracy": 0.6972,
    "precision": 0.24219078302283234,
    "recall": 0.728,
    "f1": 0.3634643682993483,
    "scale_pos_weight": 7.420166298284391
  },
  "lightgbm": {
    "display_name": "LightGBM",
    "roc_auc": 0.7815271967151922,
    "accuracy": 0.7027,
    "precision": 0.2423892656182369,
    "recall": 0.7073684210526315,
    "f1": 0.3610573823339781
  }
}