{
  "logistic_regression": {
    "display_name": "Logistic Regression (Benchmark)",
    "roc_auc": 0.864681587176482,
    "accuracy": 0.795,
    "precision": 0.17547568710359407,
    "recall": 0.8058252427184466,
    "f1": 0.2881944444444444
  },
  "xgboost": {
    "display_name": "XGBoost",
    "roc_auc": 0.9194794028384111,
    "accuracy": 0.8915,
    "precision": 0.2978723404255319,
    "recall": 0.8155339805825242,
    "f1": 0.43636363636363634,
    "scale_pos_weight": 18.37046004842615
  },
  "lightgbm": {
    "display_name": "LightGBM",
    "roc_auc": 0.917857014908568,
    "accuracy": 0.9085,
    "precision": 0.3333333333333333,
    "recall": 0.7766990291262136,
    "f1": 0.46647230320699706
  }
}